{"cameraMode":{"drawMode":0,"name":"Shaded","section":"Shading Mode"},"sceneLighting":false,"audioPlay":false,"sceneViewState":{"m_AlwaysRefresh":false,"showFog":true,"showSkybox":false,"showFlares":true,"showImageEffects":true,"showParticleSystems":true,"showVisualEffectGraphs":true,"m_FxEnabled":true},"in2DMode":false,"pivot":{"x":-1.5220590829849244,"y":4.048219203948975,"z":-1.597825288772583},"rotation":{"x":-0.0049299029633402828,"y":0.9843894243240356,"z":-0.17696066200733186,"w":-0.021840112283825876},"size":2.1582863330841066,"orthographic":false}