{"cameraMode":{"drawMode":0,"name":"Shaded","section":"Shading Mode"},"sceneLighting":true,"audioPlay":false,"sceneViewState":{"m_AlwaysRefresh":false,"showFog":true,"showSkybox":false,"showFlares":true,"showImageEffects":true,"showParticleSystems":true,"showVisualEffectGraphs":true,"m_FxEnabled":true},"in2DMode":false,"pivot":{"x":59.15680694580078,"y":7.454971790313721,"z":-31.739856719970704},"rotation":{"x":-0.010309586301445961,"y":-0.9876610636711121,"z":0.13809558749198914,"w":-0.07619648426771164},"size":17.883325576782228,"orthographic":false}