{"cameraMode":{"drawMode":0,"name":"Shaded","section":"Shading Mode"},"sceneLighting":false,"audioPlay":false,"sceneViewState":{"m_AlwaysRefresh":false,"showFog":true,"showSkybox":false,"showFlares":true,"showImageEffects":true,"showParticleSystems":true,"showVisualEffectGraphs":true,"m_FxEnabled":true},"in2DMode":false,"pivot":{"x":-0.9291027784347534,"y":5.437878131866455,"z":1.2555427551269532},"rotation":{"x":-0.006248108111321926,"y":0.9943347573280335,"z":-0.08758115023374558,"w":-0.06438694149255753},"size":1.2191557884216309,"orthographic":false}