{"cameraMode":{"drawMode":0,"name":"Shaded","section":"Shading Mode"},"sceneLighting":true,"audioPlay":false,"sceneViewState":{"m_AlwaysRefresh":false,"showFog":true,"showSkybox":true,"showFlares":true,"showImageEffects":true,"showParticleSystems":true,"showVisualEffectGraphs":true,"m_FxEnabled":true},"in2DMode":false,"pivot":{"x":50.00865936279297,"y":-170.53065490722657,"z":-239.02963256835938},"rotation":{"x":-0.015279147773981095,"y":-0.946635901927948,"z":0.31888991594314577,"w":-0.04722767323255539},"size":173.99874877929688,"orthographic":false}