{"cameraMode":{"drawMode":0,"name":"Shaded","section":"Shading Mode"},"sceneLighting":true,"audioPlay":false,"sceneViewState":{"m_AlwaysRefresh":false,"showFog":true,"showSkybox":true,"showFlares":true,"showImageEffects":true,"showParticleSystems":true,"showVisualEffectGraphs":true,"m_FxEnabled":true},"in2DMode":false,"pivot":{"x":448.1595458984375,"y":3.4153902530670168,"z":71.17170715332031},"rotation":{"x":-0.005289693363010883,"y":0.9925822615623474,"z":-0.1235467866063118,"w":-0.02618485875427723},"size":19.925762176513673,"orthographic":false}