{"cameraMode":{"drawMode":0,"name":"Shaded","section":"Shading Mode"},"sceneLighting":false,"audioPlay":false,"sceneViewState":{"m_AlwaysRefresh":false,"showFog":true,"showSkybox":false,"showFlares":true,"showImageEffects":true,"showParticleSystems":true,"showVisualEffectGraphs":true,"m_FxEnabled":true},"in2DMode":false,"pivot":{"x":12.214254379272461,"y":0.33838915824890139,"z":-11.145431518554688},"rotation":{"x":-0.02362304925918579,"y":-0.730458676815033,"z":-0.025971096009016038,"w":0.6823344826698303},"size":0.5438985824584961,"orthographic":false}