{"cameraMode":{"drawMode":0,"name":"Shaded","section":"Shading Mode"},"sceneLighting":false,"audioPlay":false,"sceneViewState":{"m_AlwaysRefresh":false,"showFog":true,"showSkybox":false,"showFlares":true,"showImageEffects":true,"showParticleSystems":true,"showVisualEffectGraphs":true,"m_FxEnabled":true},"in2DMode":false,"pivot":{"x":13.443927764892579,"y":0.28808778524398806,"z":-11.402761459350586},"rotation":{"x":0.020371558144688607,"y":0.5462765693664551,"z":-0.014340407215058804,"w":0.8375419974327087},"size":0.22859805822372437,"orthographic":false}