{"cameraMode":{"drawMode":0,"name":"Shaded","section":"Shading Mode"},"sceneLighting":true,"audioPlay":false,"sceneViewState":{"m_AlwaysRefresh":false,"showFog":true,"showSkybox":false,"showFlares":true,"showImageEffects":true,"showParticleSystems":true,"showVisualEffectGraphs":true,"m_FxEnabled":true},"in2DMode":false,"pivot":{"x":55.93620681762695,"y":9.650693893432618,"z":-17.005098342895509},"rotation":{"x":0.011694492772221566,"y":-0.9882654547691345,"z":0.12454646825790405,"w":0.09018607437610626},"size":10.386608123779297,"orthographic":false}